ID,日付,地区,商品,金額,数量,状態
S001,2026-04-01,A地区,商品X,20304,25,対象
S002,2026-04-01,A地区,商品Y,13536,17,対象
S003,2026-04-01,B地区,商品X,15936,20,対象
S004,2026-04-01,B地区,商品Y,10624,13,対象
S005,2026-04-01,C地区,商品X,11760,15,対象
S006,2026-04-01,C地区,商品Y,7840,10,対象
S007,2026-05-01,A地区,商品X,22842,25,対象
S008,2026-05-01,A地区,商品Y,15228,17,対象
S009,2026-05-01,B地区,商品X,17928,20,対象
S010,2026-05-01,B地区,商品Y,11952,13,対象
S011,2026-05-01,C地区,商品X,13230,15,対象
S012,2026-05-01,C地区,商品Y,8820,10,対象
S013,2026-06-01,A地区,商品X,25380,25,対象
S014,2026-06-01,A地区,商品Y,16920,17,対象
S015,2026-06-01,B地区,商品X,19920,20,対象
S016,2026-06-01,B地区,商品Y,13280,13,対象
S017,2026-06-01,C地区,商品X,14700,15,対象
S018,2026-06-01,C地区,商品Y,9800,10,対象
S019,2026-07-01,A地区,商品X,26649,25,対象
S020,2026-07-01,A地区,商品Y,17766,17,対象
S021,2026-07-01,B地区,商品X,20916,20,対象
S022,2026-07-01,B地区,商品Y,13944,13,対象
S023,2026-07-01,C地区,商品X,15435,15,対象
S024,2026-07-01,C地区,商品Y,10290,10,対象
S025,2026-08-01,A地区,商品X,27918,25,対象
S026,2026-08-01,A地区,商品Y,18612,17,対象
S027,2026-08-01,B地区,商品X,21912,20,対象
S028,2026-08-01,B地区,商品Y,14608,13,対象
S029,2026-08-01,C地区,商品X,16170,15,対象
S030,2026-08-01,C地区,商品Y,10780,10,対象
S031,2026-09-01,A地区,商品X,29187,25,対象
S032,2026-09-01,A地区,商品Y,19458,17,対象
S033,2026-09-01,B地区,商品X,22908,20,対象
S034,2026-09-01,B地区,商品Y,15272,13,対象
S035,2026-09-01,C地区,商品X,16905,15,対象
S036,2026-09-01,C地区,商品Y,11170,10,対象
