path,staged_sha256
.gitignore,81af4fe334a7e5f88c54756c266baef698d79c406d004621830e57296c17226c
README.md,72034fe686d101cc4a6ac452cd211cc9911279480cc1f9c4e63b3195cae2797e
app/agent_core.py,bb695c1002427a73a96b5f142c88442a5f21645af97c36fb70aa1675a0a249a8
app/ai_once.py,155740d5be8c96915fec2f4f9268022c12910a59405f00ca04917b2181beacf7
app/analysis_core.py,c7c73e0626dd937d28cb51f526be767ee78487ccf437575d5075426ab1c56423
app/analysis_export.py,7db77ebd28cf02dc04021d05456d57aec844e8a0e1915c7849b1c974d272472c
app/analysis_store.py,15f7375b56bd43b940ae8901e0613aef179d204037a0c0d4e639990aaaa3ca7f
app/assets.json,c1a580d3d78db5b92f721a86a3440ef17899053a520766cbad17b9c52a253668
app/config.example.json,05845c70100701f076a4378132f13788dea77892178af49e0287b6ac8f92fb88
app/config.json,05845c70100701f076a4378132f13788dea77892178af49e0287b6ac8f92fb88
app/excel_config.example.json,c4827a85bf4c9c750968cc3709b943800cd625e47789e8de153825fe0609a359
app/excel_config.json,c4827a85bf4c9c750968cc3709b943800cd625e47789e8de153825fe0609a359
app/excel_export.py,21b61fc3865bf4a22ddde4063186ff28c1b563707d90d6ed9f4ad81f0244b48d
app/excel_features.py,312bfee3f5d2bed21f66a3ef592e732f03b12d131d54a0f375dce42957a2f721
app/excel_server.py,2671df2f35d2150fbf02a8d84f894ff5c2092f31f958c3c8e0bbf83c4f3a1b4d
app/excel_static.py,47170518566b8ee71ba9c731c7744ffc89553eef7942331d643c9c05dc4f1953
app/export_excel.mjs,6dd28da52d715cfe029bde2369653e3f736178999b81c4d8fa53662c3f79ac6b
app/java/LocalVbaReader.java,62a036a321ce51ed94ae54cb9bc07b3e3b275a0359d2bfbcd7540d0373ec856e
app/sales_bridge.py,fd611fd963ca5cf16831f8cce1199d7bc32e24a62feaef48e70049673a23aa65
app/sales_read.ps1,3a0319b52d028c6e340150a60b5de45060093b41ad8ce3fd9026bfffbc08da4f
app/sales_server.py,d955fb21bcad1a8109fe943e0dc9a27c17af223c18493f363f4746b716f97d62
app/samples/sample_categories.csv,610c2bf3536194b2dcdde7f0d2564391722236602300b84c678bb7ac554a513e
app/samples/sample_checks.csv,12e607cb44473782d7a91dd8649c62125b44da924fce8fc89be82d58e85020d2
app/samples/sample_previous.csv,a27cb474c5398944b0a7f55e187930ea2c24c5ecd15175c5a25d74f9c5e4c50b
app/samples/sample_sales.csv,abcb1f8daae278de8fc23658368295547f4253edff9cc437811e916ae2abdba6
app/server.py,d640a3b29994be21867532a2886de1afb2768f555a2d7522ccab1a8fcd2dd445
app/static/agent.css,8537b3a48c7d2e8847c3a3c5a0804d8ded20beb71b08e12f9d38dd1556e07c33
app/static/agent.html,9aad7929906bd76440ce858fbb6d15366c2340ded6a9ecd2feb062286af50126
app/static/agent.js,9842bf997cfda8481200448cccc89af116ae36cd82ac94477e72089767739760
app/static/analysis.css,6ed07ec8d7906dd2b7ee37ab548570252004a88253c411826eaabfcc344f3145
app/static/analysis.js,784ffc83f8bab031b2d4e5cf395f36f7cf0f7dd83eccbd72e3e9558d4038993a
app/static/app.js,d90f4f10c1300afa3f5ea6551a15f845128d6580a970e98ea2e0165623a9b56d
app/static/excel.css,b760139558f223610c4709cd96c9dae473b056253ed9c5702b4f92e7187a9a6f
app/static/excel.html,14de6cfd041c5015e2a8d1b208173a610f14f9493eb2fc00ff1c538e59a80a2a
app/static/excel.js,9f33d7706176f2ddf9f6063567ba694ad77568a16aaec281f84fa7f722b39e21
app/static/favicon.svg,40daf8d2313467138c70b4b92090cf4908cc9653ae409a8338d1a620e9e333f2
app/static/index.html,3814539bf435843a6c0e52cd0ffdc0dd663e099be531817d9aa1c2ec7cf5acfb
app/static/integration.html,b52ee65158a4e16d5db10e92016cd0a9c6e628b457a7a8f5c03bca77faed7870
app/static/integration.js,d3820351bdfae9ea4d00047b4d4c5652309bcbfc06ae38aaeb12f65b15d812e4
app/static/sales.css,b740c654bcbacbc51c3582202c16a934aae9ec34c40f9294a14cd1c20613cdae
app/static/sales.html,47f5eeb9a33e859111351be60dae3a851acb6f87f55758de2afba39d2ff18fd1
app/static/sales.js,0fcee1eabf51d729342bc7e294ddddf282eedf952bb30f195f64025ec4795395
app/static/styles.css,7912626c19114f542fc4b0991cb6fbd930c3607c15476bd18d0c06193bd1248f
app/ui-tests.json,03640a7bfdc0498e6ad088a1b35f9258cd9a96f5c1dd6120f3e36f499164859f
app/v07_server.py,cabea5356d8a1aa7961de3137d698716536914ee0ec88e1c51bb99a7784b1639
demo/java-dependencies.json,8006f3451d50f137faecd50dabf9b63755ddd094f6e738ed04f7591b0dd45303
demo/sales-schema.json,2d3e4c23b9258a491d595b7e9c0aec9fb9c21280d1b862b1b595521a76a76509
docs/GENESIS_PORTFOLIO.md,c788c1603229d3a2e0d600ffa1fe59dce1bd07fdb3286d3ad864b77e55c3cfe2
docs/RELEASE_REVIEW.md,6067716d62cd811c195045c0110968fc1119b4b9b6e0895c74eae88f844d7edf
docs/public-files.csv,self; hash omitted
docs/source-integrity.json,5e4cfb191bd501f7d57ef5cbe89f9c402437db53a509c0a43544634fd9259c1c
docs/test-results.json,2893fa63af0b4e6c94ecca3f27c75d9d0449bc7a61e99fe7c624506c30577a48
requirements.txt,a4cb06a01a9662bc98af88ef702240b52d0d8fb2d15342434e509c80cc4accb8
run.py,dabd845aae37431cf38878b5777cfd09890dfe31df779c439a824ee3395e512c
tools/build_demo_database.ps1,3bafcd13be3df74cf9712b088cbf1a87c3807c867bc0cc3c8082cab7430f4fc5
tools/make_fixtures.py,4c93faaf7e5e0fd704237556aa0349be309433c4f3bb7fdd82cab4f208a6d899
tools/seed_demo.ps1,00dcaaa676f1f38fbc092e95e9e449fc78504e8873e452a744aca14d53562249
tools/setup_java.py,85d8cbbabb112e151926a517638bac9f51afccefb4cd7bdf5f101a381be41a1d
tools/setup_sales_demo.ps1,ffb189f41b24f219b0569294f4bb5db2f98bee04384d648d5119d219e1c2d392
tools/smoke_test.py,b9b5ed260f08be84698b84f68e05a0db79091b94e7ef2dffb885b26d9ae5761a
標準テストExcel/corrupt.xlsm,7ecdbfe5393620f9ae9304ba98f6e2db59426de3af700c4183922743879650ee
標準テストExcel/encrypted.xls,52b2ec494d8f6a745206fad2e9dfdaecda0a52dc64ce563593d6cca7badccb8c
標準テストExcel/expected.json,ae766ba545f6eb5a384abc0e73bdabff3a5adf0b98f29c8392c58b5add1c0686
標準テストExcel/external.xlsm,7d27c2df52d6e21e36d0a3d8e764a86b88d48e0da0aa0486900f1bdec2214919
標準テストExcel/standard.xlam,058e909fc33a1c007c922b96f3cbaca25afbabaea024fe5be1527b55c215872f
標準テストExcel/standard.xls,98de2814de1f7bb19fb27c58bcdc7691e4a63f0860b6f21ada223fa92e8901db
標準テストExcel/standard.xlsb,2b18cdb02ad8a1e0118e5d177324866cfd5d16c305bd94562bebb7cd6163ac11
標準テストExcel/standard.xlsm,97a049021f2f9603ffb3c8f6fd8c43951c7bddd9dbbdc6a8c640b140069897c2
標準テストExcel/standard.xlsx,4be8f8af0bd432d32d1f45987b32f5e1415afe314a7a86f2feaa82ce6fd06526
標準テストExcel/v07/standard_features.xlsm,8e74624b50ca57de30e4d8afb6a44c84225dcc770fdd33668e20d1d8168fb689
